Start,End,Sleep quality,Time in bed,Heart rate,Activity (steps),Stressful day,Drank coffee,Drank tea,Ate late,Worked out
22:57:49,07:30:13,100.0,8.533333333333333,59.0,0,0,0,0,0,0
21:17:50,21:33:54,3.0,0.26666666666666666,72.0,0,1,0,0,0,0
22:42:49,07:13:31,98.0,8.5,57.0,0,0,0,0,0,0
22:31:01,06:03:01,65.0,7.533333333333333,0.0,0,0,0,0,0,0
22:12:10,04:56:35,72.0,6.733333333333333,68.0,0,0,1,1,0,0
00:34:57,07:47:23,83.0,7.2,60.0,0,0,1,1,0,0
00:23:06,07:37:09,78.0,7.233333333333333,0.0,0,0,0,1,0,0
21:34:44,04:53:34,78.0,7.3,57.0,0,0,1,0,1,0
21:32:25,05:00:03,69.0,7.45,56.0,0,0,1,1,0,1
21:24:56,05:00:02,74.0,7.583333333333333,64.0,0,0,0,1,0,1
20:59:58,06:19:20,81.0,9.316666666666666,62.0,0,1,1,1,0,0
22:58:18,06:14:58,88.0,7.266666666666667,58.0,0,0,1,1,0,0
22:27:58,07:29:00,77.0,9.016666666666667,65.0,0,0,1,1,0,0
22:38:24,07:28:59,89.0,8.833333333333334,65.0,0,0,1,1,0,0
22:12:07,06:20:29,78.0,8.133333333333333,53.0,0,0,0,1,0,0
21:01:46,06:13:23,100.0,9.183333333333334,65.0,0,0,0,1,0,1
22:14:29,06:20:33,100.0,8.1,55.0,0,0,1,1,0,0
21:48:26,05:02:05,88.0,7.216666666666667,60.0,0,0,1,1,0,1
21:32:07,04:54:42,87.0,7.366666666666666,60.0,0,0,0,1,0,0
02:11:57,09:03:37,83.0,6.85,94.0,0,0,1,1,0,0
23:55:16,07:47:15,93.0,7.85,57.0,0,0,1,1,0,0
21:51:53,05:04:18,58.0,7.2,67.0,0,0,1,0,0,0
05:06:38,06:20:29,16.0,1.2166666666666668,58.0,0,0,0,0,0,0
21:45:19,05:45:37,75.0,8.0,54.0,0,0,1,1,0,1
21:42:37,05:45:22,80.0,8.033333333333333,60.0,0,0,1,1,0,1
22:34:35,06:17:22,87.0,7.7,75.0,0,0,1,1,0,1
20:55:02,06:14:59,87.0,9.316666666666666,58.0,0,0,1,0,0,0
22:36:21,06:11:49,83.0,7.583333333333333,66.0,0,1,1,1,0,0
21:43:16,05:20:42,76.0,7.616666666666667,57.0,0,1,1,1,0,0
22:23:40,05:29:11,67.0,7.083333333333333,63.0,0,0,1,1,0,1
00:13:46,08:17:30,93.0,8.05,62.0,0,1,1,1,0,0
21:55:59,05:09:06,64.0,7.216666666666667,56.0,0,0,1,1,0,0
22:30:35,06:20:29,75.0,7.816666666666666,61.0,0,0,0,1,0,0
22:47:33,06:20:21,72.0,7.533333333333333,61.0,0,0,1,1,0,0
23:03:06,06:10:44,70.0,7.116666666666666,57.0,0,0,0,1,0,1
22:30:34,06:48:30,89.0,8.283333333333333,61.0,0,0,1,1,0,0
21:55:43,06:13:22,85.0,8.283333333333333,58.0,0,0,1,0,0,0
22:20:46,06:20:51,59.0,8.0,60.0,0,0,1,0,0,0
21:53:45,05:30:25,67.0,7.6,57.0,0,0,1,1,0,1
22:34:54,05:24:22,69.0,6.816666666666666,53.0,0,0,1,1,0,1
22:16:27,05:20:44,74.0,7.066666666666666,60.0,0,0,1,0,0,0
00:02:30,06:16:11,78.0,6.216666666666667,65.0,0,0,1,1,0,1
22:20:00,05:05:23,70.0,6.75,55.0,0,0,1,1,0,0
22:39:45,06:20:14,77.0,7.666666666666667,66.0,0,1,1,1,0,0
00:31:24,07:32:22,72.0,7.0,55.0,0,0,1,1,0,1
22:54:00,07:49:15,92.0,8.916666666666666,56.0,0,0,1,1,0,0
22:18:00,06:20:17,87.0,8.033333333333333,60.0,0,0,1,0,0,0
22:30:11,06:20:07,69.0,7.816666666666666,62.0,0,0,1,1,0,0
01:22:32,07:16:32,65.0,5.9,0.0,0,0,1,1,0,0
21:42:32,05:37:28,90.0,7.9,61.0,0,0,0,1,0,1
20:14:26,05:44:08,88.0,9.483333333333333,62.0,0,0,1,0,0,0
21:47:16,05:30:18,61.0,7.716666666666667,62.0,0,0,1,1,0,1
20:53:47,06:13:31,54.0,9.316666666666666,68.0,0,1,1,1,0,1
22:29:33,06:20:18,86.0,7.833333333333333,58.0,0,0,1,1,0,0
22:54:58,06:20:12,69.0,7.416666666666667,61.0,0,0,1,0,0,0
21:28:08,06:18:59,99.0,8.833333333333334,67.0,0,0,1,1,0,0
22:17:17,06:18:56,82.0,8.016666666666667,71.0,0,0,1,1,0,0
21:39:44,05:19:55,77.0,7.666666666666667,63.0,0,0,1,1,0,0
21:44:36,05:20:52,72.0,7.6,60.0,0,0,1,1,0,1
21:50:56,04:51:22,82.0,7.0,62.0,0,0,0,0,0,0
21:48:42,05:21:34,75.0,7.533333333333333,54.0,0,0,1,1,0,0
23:57:46,08:01:27,91.0,8.05,62.0,0,0,1,1,0,1
01:10:15,08:00:08,74.0,6.816666666666666,66.0,0,0,1,0,0,0
23:07:46,07:30:02,75.0,8.366666666666667,65.0,0,0,1,1,0,0
22:11:07,06:19:05,84.0,8.116666666666667,58.0,0,0,1,0,0,0
22:00:06,05:22:21,76.0,7.366666666666666,0.0,0,0,1,1,0,1
21:23:43,05:26:51,92.0,8.05,54.0,0,0,0,1,0,1
22:30:48,05:28:23,82.0,6.95,64.0,0,0,1,0,0,1
22:17:15,05:50:10,84.0,7.533333333333333,55.0,0,0,1,1,0,1
23:13:30,07:31:06,95.0,8.283333333333333,0.0,0,0,1,1,0,0
21:22:37,06:15:41,79.0,8.883333333333333,55.0,0,0,1,1,0,0
21:17:36,06:18:55,100.0,9.016666666666667,51.0,0,0,0,1,0,0
22:09:38,05:02:01,81.0,6.866666666666667,52.0,0,0,0,1,0,0
21:56:08,05:23:08,80.0,7.45,0.0,0,0,1,1,0,1
23:51:30,07:41:42,85.0,7.833333333333333,0.0,0,0,0,1,0,1
23:16:56,06:53:03,97.0,7.6,52.0,0,0,1,1,0,0
22:04:59,05:41:13,84.0,7.6,58.0,0,0,1,1,0,0
22:19:39,05:45:04,78.0,7.416666666666667,57.0,0,0,0,1,0,1
00:28:55,07:30:14,81.0,7.016666666666667,63.0,0,0,1,1,0,1
23:20:50,06:20:07,82.0,6.983333333333333,58.0,0,0,1,1,0,0
23:50:04,07:22:19,59.0,7.533333333333333,53.0,0,1,1,1,0,1
22:37:59,06:18:56,77.0,7.666666666666667,58.0,0,0,1,1,0,0
21:31:35,05:11:23,77.0,7.65,67.0,0,1,1,1,0,0
21:46:46,05:13:42,87.0,7.433333333333334,0.0,0,1,1,1,0,1
22:53:27,07:53:35,100.0,9.0,61.0,0,0,1,1,0,0
21:51:16,04:59:06,70.0,7.116666666666666,64.0,0,0,1,1,1,0
21:35:56,04:57:17,77.0,7.35,59.0,0,0,0,1,0,1
21:41:45,05:00:17,53.0,7.3,59.0,0,0,1,0,0,1
23:13:44,06:06:21,77.0,6.866666666666667,60.0,0,1,1,1,0,0
22:20:45,06:07:10,65.0,7.766666666666667,91.0,0,0,1,0,0,1
22:23:26,06:18:20,83.0,7.9,62.0,0,0,1,1,0,1
21:47:25,05:21:38,50.0,7.566666666666666,59.0,0,0,1,1,1,1
21:22:59,04:57:13,89.0,7.566666666666666,54.0,0,0,0,1,0,1
01:58:47,07:01:52,61.0,5.05,75.0,0,1,1,1,0,1
22:11:42,05:00:10,66.0,6.8,50.0,0,0,1,1,0,1
21:57:02,05:00:13,75.0,7.05,55.0,0,0,0,1,0,1
22:04:51,04:52:48,72.0,6.783333333333333,59.0,0,0,0,1,0,1
22:49:01,06:17:50,79.0,7.466666666666667,51.0,0,0,1,1,0,0
21:03:11,07:49:16,93.0,10.766666666666667,59.0,0,1,0,1,0,0
22:39:06,06:20:30,91.0,7.683333333333334,59.0,0,0,0,0,0,0
22:22:50,05:25:20,59.0,7.033333333333333,62.0,0,0,0,1,0,1
22:47:04,05:25:14,74.0,6.633333333333333,60.0,0,0,1,1,0,1
00:01:49,07:35:15,73.0,7.55,0.0,0,0,1,0,0,1
22:58:17,06:45:23,67.0,7.783333333333333,61.0,0,0,1,1,0,0
22:05:49,05:29:03,85.0,7.383333333333334,0.0,0,0,1,1,0,0
22:18:17,05:14:36,69.0,6.933333333333334,0.0,0,0,1,1,0,1
23:10:34,07:00:03,81.0,7.816666666666666,52.0,0,0,1,1,0,1
23:16:56,06:20:08,72.0,7.05,76.0,0,0,1,0,0,0
22:20:07,06:19:46,76.0,7.983333333333333,57.0,0,0,1,1,0,1
22:19:31,05:20:25,78.0,7.0,64.0,0,0,1,1,0,0
22:20:19,03:45:30,70.0,5.416666666666667,0.0,0,0,1,1,0,1
03:45:52,05:41:01,23.0,1.9166666666666665,57.0,0,0,0,0,0,0
22:01:10,05:40:26,75.0,7.65,58.0,0,0,1,0,0,0
21:57:12,05:16:21,69.0,7.316666666666666,0.0,0,0,1,1,0,1
21:07:02,05:01:10,83.0,7.9,0.0,0,0,1,1,0,1
21:12:48,06:17:34,92.0,9.066666666666666,68.0,0,1,0,1,0,1
22:54:00,06:19:02,74.0,7.416666666666667,0.0,0,0,1,0,0,1
22:38:25,06:12:56,81.0,7.566666666666666,0.0,0,0,1,1,0,0
22:31:51,06:20:20,88.0,7.8,64.0,0,0,1,1,0,1
22:21:15,06:20:16,69.0,7.983333333333333,0.0,0,1,1,1,0,1
21:28:17,05:00:04,63.0,7.516666666666667,0.0,0,0,1,0,0,0
22:26:07,04:46:50,71.0,6.333333333333333,0.0,0,0,1,0,0,1
21:54:38,05:07:41,78.0,7.216666666666667,0.0,0,0,1,0,0,1
22:09:26,04:57:46,76.0,6.8,0.0,0,0,1,1,0,1
04:58:36,05:45:00,10.0,0.7666666666666667,0.0,0,0,0,0,0,0
22:37:23,06:20:50,82.0,7.716666666666667,58.0,0,1,1,0,0,1
22:29:21,08:00:42,98.0,9.516666666666667,69.0,0,1,1,0,0,0
21:38:23,06:09:35,69.0,8.516666666666667,74.0,0,0,1,0,0,0
22:01:21,05:04:47,68.0,7.05,0.0,0,0,1,1,0,1
22:02:34,05:45:33,79.0,7.7,67.0,0,0,1,1,0,1
22:29:37,06:44:02,86.0,8.233333333333333,0.0,0,1,1,0,0,1
22:29:51,06:20:13,93.0,7.833333333333333,58.0,0,0,1,0,0,1
21:32:08,05:39:59,68.0,8.116666666666667,58.0,0,1,1,1,0,1
23:06:06,05:40:14,71.0,6.566666666666666,61.0,0,0,1,1,0,1
21:40:08,05:40:15,88.0,8.0,64.0,0,0,1,0,0,1
01:41:20,08:31:02,77.0,6.816666666666666,64.0,0,0,1,1,0,1
22:55:10,08:02:09,97.0,9.1,0.0,0,0,1,0,0,1
23:45:43,00:00:48,3.0,0.25,0.0,0,0,1,0,0,1
00:26:02,07:25:42,88.0,6.983333333333333,68.0,0,0,1,0,0,1
21:46:15,05:00:34,71.0,7.233333333333333,0.0,0,1,1,0,0,1
21:17:10,04:55:48,81.0,7.633333333333333,0.0,0,0,1,1,0,1
21:35:13,04:55:01,78.0,7.316666666666666,57.0,0,0,1,1,0,1
00:19:09,07:56:38,97.0,7.616666666666667,54.0,0,0,1,0,0,1
00:01:12,05:03:22,65.0,5.033333333333333,0.0,0,0,1,0,0,0
21:11:19,06:09:21,72.0,8.966666666666667,50.0,0,0,1,1,0,1
23:41:21,07:27:56,84.0,7.766666666666667,0.0,0,0,1,0,0,0
21:44:20,04:45:16,58.0,7.0,56.0,0,0,1,0,0,0
22:13:05,05:27:25,85.0,7.233333333333333,0.0,0,0,1,1,0,1
22:33:21,06:45:33,90.0,8.2,57.0,0,0,1,1,0,1
21:48:50,06:01:07,79.0,8.2,51.0,0,0,1,0,0,1
22:36:23,06:00:11,69.0,7.383333333333334,58.0,0,0,1,0,0,0
21:52:41,06:00:13,88.0,8.116666666666667,0.0,0,1,1,0,0,0
21:59:47,05:49:06,90.0,7.816666666666666,52.0,0,0,1,0,0,0
21:59:05,05:29:52,83.0,7.5,52.0,0,0,1,1,1,0
21:57:25,05:45:28,67.0,7.8,0.0,0,0,1,0,0,0
21:14:31,05:45:18,90.0,8.5,0.0,0,1,1,0,0,0
21:19:00,05:45:10,93.0,8.433333333333334,60.0,0,0,0,0,0,0
22:01:03,06:00:39,85.0,7.983333333333333,62.0,0,0,1,1,0,0
22:00:05,06:00:18,84.0,8.0,66.0,0,0,1,0,0,0
22:14:35,06:00:59,77.0,7.766666666666667,0.0,0,0,1,0,0,0
22:00:12,06:00:07,85.0,7.983333333333333,65.0,0,0,0,1,0,0
23:36:43,07:10:29,77.0,7.55,57.0,0,0,1,0,0,0
22:54:41,06:59:15,87.0,8.066666666666666,0.0,0,0,1,0,0,0
22:45:57,06:13:08,84.0,7.45,61.0,0,0,1,1,0,0
22:03:28,06:04:55,86.0,8.016666666666667,0.0,0,0,0,1,0,1
22:40:40,06:10:24,83.0,7.483333333333333,0.0,0,0,1,1,0,1
22:10:47,04:57:40,77.0,6.766666666666667,0.0,0,0,1,1,0,1
00:06:20,07:41:35,81.0,7.583333333333333,0.0,0,0,1,0,0,1
22:03:28,05:50:31,81.0,7.783333333333333,0.0,0,0,1,0,0,0
22:33:49,06:30:22,83.0,7.933333333333334,0.0,0,1,1,0,0,1
22:14:42,05:55:16,70.0,7.666666666666667,0.0,0,0,1,0,0,1
21:59:14,06:20:08,80.0,8.333333333333334,59.0,0,0,1,1,0,1
22:57:35,06:20:12,60.0,7.366666666666666,56.0,0,0,1,1,0,1
00:31:33,06:55:11,55.0,6.383333333333334,0.0,0,0,1,0,0,0
22:01:37,06:48:52,91.0,8.783333333333333,0.0,0,0,1,0,0,0
22:07:26,06:15:54,79.0,8.133333333333333,55.0,0,0,1,1,0,1
21:34:08,06:15:39,81.0,8.683333333333334,58.0,0,0,1,1,0,1
21:37:35,05:07:03,77.0,7.483333333333333,49.0,0,0,1,1,0,1
22:37:41,06:00:13,83.0,7.366666666666666,0.0,0,0,1,1,1,1
22:57:29,07:00:25,82.0,8.033333333333333,61.0,0,0,0,1,0,0
21:12:50,05:15:43,90.0,8.033333333333333,60.0,0,0,0,1,0,1
22:54:50,06:20:27,89.0,7.416666666666667,58.0,0,0,1,1,1,1
23:57:47,06:14:26,62.0,6.266666666666667,55.0,0,0,1,1,0,1
00:09:08,07:26:26,69.0,7.283333333333333,57.0,0,0,1,0,0,1
00:27:25,08:58:25,100.0,8.516666666666667,50.0,0,1,1,0,0,0
21:59:10,06:00:45,74.0,8.016666666666667,0.0,0,0,1,1,1,1
22:19:10,04:59:56,59.0,6.666666666666667,0.0,0,0,1,0,0,1
05:00:29,06:00:39,13.0,1.0,0.0,0,0,0,0,0,0
22:40:34,06:20:36,68.0,7.666666666666667,65.0,0,0,0,1,0,1
22:12:48,06:21:06,67.0,8.133333333333333,58.0,0,0,1,1,0,1
00:45:53,07:37:31,57.0,6.85,0.0,0,0,1,1,0,0
21:52:46,06:20:17,67.0,8.45,0.0,0,0,1,0,0,0
21:38:02,06:20:20,88.0,8.7,62.0,0,0,1,1,0,0
22:41:23,06:20:28,77.0,7.65,53.0,0,0,1,1,0,0
21:46:35,05:30:45,80.0,7.733333333333333,70.0,0,0,1,1,0,1
00:32:20,08:12:45,77.0,7.666666666666667,0.0,0,0,1,1,0,1
22:38:13,06:33:35,81.0,7.916666666666667,0.0,0,0,1,1,0,0
23:09:15,06:05:04,77.0,6.916666666666667,65.0,0,0,1,1,0,0
21:34:17,05:35:51,78.0,8.016666666666667,0.0,0,0,1,0,0,1
22:28:47,06:20:36,83.0,7.85,53.0,0,0,0,1,0,1
22:30:45,06:10:51,81.0,7.666666666666667,57.0,0,0,0,1,0,1
01:01:48,07:50:17,50.0,6.8,0.0,0,0,1,1,0,0
22:00:53,06:10:32,83.0,8.15,55.0,0,0,1,1,0,1
22:46:00,06:09:53,75.0,7.383333333333334,0.0,0,0,1,1,0,1
22:49:17,06:00:43,65.0,7.183333333333334,0.0,0,0,1,1,0,1
21:36:52,05:29:48,77.0,7.866666666666667,0.0,0,0,1,1,0,1
00:19:42,08:13:55,93.0,7.9,98.0,0,0,1,1,0,1
23:28:38,06:20:45,69.0,6.866666666666667,0.0,0,0,1,1,0,0
21:59:54,05:41:00,88.0,7.683333333333334,0.0,0,0,1,1,0,1
22:56:22,06:28:43,83.0,7.533333333333333,0.0,0,0,1,1,0,1
22:57:35,06:20:38,72.0,7.383333333333334,0.0,0,0,1,1,0,0
22:59:58,07:46:48,96.0,8.766666666666667,59.0,0,0,1,1,0,0
22:17:12,06:30:48,72.0,8.216666666666667,62.0,0,0,1,1,0,0
22:07:28,05:30:48,80.0,7.383333333333334,63.0,0,0,1,1,1,1
23:10:23,06:00:42,73.0,6.833333333333333,62.0,0,0,1,1,0,1
21:57:39,05:30:46,83.0,7.55,0.0,0,0,0,1,0,0
22:15:24,05:00:10,74.0,6.733333333333333,0.0,0,0,1,1,0,1
22:33:40,06:30:54,87.0,7.95,0.0,0,0,1,1,0,1
23:26:02,06:20:47,69.0,6.9,0.0,0,0,1,1,0,1
22:25:29,06:20:36,81.0,7.916666666666667,0.0,0,0,1,1,0,1
01:20:50,07:46:30,58.0,6.416666666666667,59.0,0,0,1,1,0,1
22:20:20,06:20:11,68.0,7.983333333333333,0.0,0,0,0,1,0,0
21:23:47,06:19:46,64.0,8.916666666666666,0.0,0,0,1,1,0,1
23:03:32,06:20:45,84.0,7.283333333333333,57.0,0,0,1,1,0,1
22:19:31,05:11:26,75.0,6.85,0.0,0,0,1,1,0,0
22:51:20,05:01:02,70.0,6.15,0.0,0,0,1,1,1,0
22:10:17,05:31:02,86.0,7.333333333333333,68.0,0,0,1,1,0,0
21:20:30,05:00:36,86.0,7.666666666666667,61.0,0,1,0,1,0,1
22:17:33,05:45:41,79.0,7.466666666666667,0.0,0,1,1,1,0,1
21:57:33,06:10:41,93.0,8.216666666666667,67.0,0,1,0,1,0,1
00:08:26,08:23:03,77.0,8.233333333333333,0.0,0,0,1,0,0,0
22:07:01,06:09:53,80.0,8.033333333333333,52.0,0,0,1,0,0,0
22:32:48,06:10:41,75.0,7.616666666666667,0.0,0,0,1,1,0,1
22:20:47,05:40:53,84.0,7.333333333333333,0.0,0,1,1,1,0,0
21:07:49,05:45:44,100.0,8.616666666666667,0.0,0,0,1,1,0,1
22:19:20,06:20:02,72.0,8.0,56.0,0,0,1,1,0,1
22:06:14,05:29:49,80.0,7.383333333333334,0.0,0,0,1,0,0,1
21:41:31,05:43:31,82.0,8.016666666666667,0.0,0,0,1,1,0,1
22:33:13,06:01:00,79.0,7.45,0.0,0,0,1,1,0,0
22:44:12,07:00:31,76.0,8.266666666666667,0.0,0,0,1,0,0,0
23:53:45,08:27:19,79.0,8.55,71.0,0,0,1,1,0,0
23:49:43,08:13:49,85.0,8.4,65.0,0,0,1,1,0,0
21:44:08,05:35:23,69.0,7.85,0.0,0,0,1,0,0,0
22:17:03,05:45:29,74.0,7.466666666666667,0.0,0,1,1,1,0,0
22:18:45,06:20:45,66.0,8.016666666666667,0.0,0,0,1,0,0,1
22:44:29,06:20:25,72.0,7.583333333333333,0.0,0,1,1,1,1,0
22:10:58,05:28:34,73.0,7.283333333333333,0.0,0,0,1,1,0,1
22:00:46,05:30:32,76.0,7.483333333333333,0.0,0,0,1,1,0,1
21:56:26,05:34:59,78.0,7.633333333333333,0.0,0,0,1,1,1,0
22:46:50,06:35:37,75.0,7.8,0.0,0,0,1,1,0,1
21:13:40,06:29:37,77.0,9.25,0.0,0,0,1,1,0,0
21:33:27,06:23:55,79.0,8.833333333333334,0.0,0,0,1,0,0,0
22:17:12,08:14:54,79.0,9.95,0.0,0,0,1,0,0,1
22:06:59,06:30:14,85.0,8.383333333333333,0.0,0,0,1,1,0,1
22:27:55,06:38:49,88.0,8.166666666666666,0.0,0,0,1,0,0,0
22:58:16,06:28:13,83.0,7.483333333333333,0.0,0,0,1,1,0,1
22:02:27,05:23:02,84.0,7.333333333333333,0.0,0,0,1,1,0,1
22:11:17,05:26:31,76.0,7.25,0.0,0,0,1,1,0,1
21:47:34,06:06:40,88.0,8.316666666666666,0.0,0,0,1,1,0,1
22:58:22,06:19:07,78.0,7.333333333333333,0.0,0,0,1,0,0,0
22:02:40,05:27:42,82.0,7.416666666666667,0.0,0,0,1,1,0,1
21:47:43,05:20:45,72.0,7.55,0.0,0,0,1,0,0,1
22:54:38,06:20:45,79.0,7.433333333333334,0.0,0,0,1,0,0,1
22:17:56,06:53:46,74.0,8.583333333333334,0.0,0,1,1,0,0,1
23:45:36,07:35:42,84.0,7.833333333333333,0.0,0,0,1,0,0,0
22:55:30,07:35:48,91.0,8.666666666666666,0.0,0,0,0,1,0,0
00:44:15,07:45:22,68.0,7.016666666666667,0.0,0,0,1,1,0,0
22:43:49,06:40:40,77.0,7.933333333333334,0.0,0,0,1,1,0,1
21:57:50,05:31:30,66.0,7.55,0.0,0,0,1,0,0,1
23:41:34,05:11:40,38.0,5.5,0.0,0,0,1,0,0,0
22:07:58,05:53:25,84.0,7.75,0.0,0,1,1,0,0,0
22:07:07,05:25:39,76.0,7.3,0.0,0,0,1,0,0,1
22:20:30,05:32:48,70.0,7.2,0.0,0,0,1,0,0,1
21:33:26,06:24:29,90.0,8.85,0.0,0,1,1,0,0,1
22:47:46,06:26:50,77.0,7.65,0.0,0,0,1,1,0,1
23:12:47,07:41:40,69.0,8.466666666666667,0.0,0,0,1,0,0,0
22:04:12,06:23:53,85.0,8.316666666666666,0.0,0,0,1,0,0,0
22:18:26,06:25:24,94.0,8.1,0.0,0,0,1,0,0,1
21:59:00,05:43:33,88.0,7.733333333333333,0.0,0,0,0,1,0,1
00:15:25,06:35:57,68.0,6.333333333333333,0.0,0,0,0,1,0,1
23:33:23,07:50:56,92.0,8.283333333333333,0.0,0,0,1,0,0,0
22:19:47,05:45:34,64.0,7.416666666666667,0.0,0,0,0,1,0,0
21:55:44,06:22:29,78.0,8.433333333333334,0.0,0,0,0,1,0,1
23:22:16,05:50:28,70.0,6.466666666666667,0.0,0,0,0,1,0,1
22:15:14,06:21:26,95.0,8.1,0.0,0,0,1,1,0,1
22:01:33,06:17:35,90.0,8.266666666666667,0.0,0,0,0,1,0,1
23:20:01,07:31:36,98.0,8.183333333333334,0.0,0,0,0,1,0,0
23:08:20,06:19:25,70.0,7.183333333333334,0.0,0,0,1,1,0,0
22:50:22,06:22:58,75.0,7.533333333333333,0.0,0,0,0,1,0,1
21:40:38,06:25:07,91.0,8.733333333333333,0.0,0,0,0,1,0,1
22:40:25,05:49:39,79.0,7.15,0.0,0,0,0,1,0,0
21:35:17,05:34:15,92.0,7.966666666666667,0.0,0,0,0,1,0,1
01:33:16,07:50:21,69.0,6.283333333333333,0.0,0,0,1,0,0,1
23:44:03,07:51:57,83.0,7.116666666666666,0.0,0,0,0,1,0,0
22:47:36,05:40:43,82.0,6.883333333333333,0.0,0,0,0,1,0,1
22:16:43,05:46:07,79.0,7.483333333333333,0.0,0,0,0,1,0,1
22:41:40,06:25:27,85.0,7.716666666666667,0.0,0,0,1,1,0,1
22:25:40,07:05:26,90.0,8.65,0.0,0,0,1,0,0,1
22:46:35,07:08:48,98.0,8.366666666666667,0.0,0,0,1,1,0,0
22:17:45,07:47:51,87.0,9.5,0.0,0,0,1,0,0,0
22:13:36,07:26:59,80.0,9.216666666666667,0.0,0,0,1,0,0,0
22:37:03,07:32:00,80.0,8.9,0.0,0,0,1,0,0,0
21:22:46,06:19:17,80.0,8.933333333333334,0.0,0,0,1,1,0,0
22:06:49,05:20:29,65.0,7.216666666666667,0.0,0,0,1,1,0,1
23:28:20,07:30:07,82.0,8.016666666666667,0.0,0,0,1,0,0,0
23:32:44,06:29:15,75.0,6.933333333333334,0.0,0,1,1,0,0,1
23:12:02,06:25:49,66.0,7.216666666666667,0.0,0,0,1,0,0,1
22:58:49,06:25:21,58.0,7.433333333333334,0.0,0,0,1,1,0,1
22:47:19,06:30:09,89.0,7.7,0.0,0,0,1,1,0,1
21:20:49,07:08:13,86.0,9.783333333333333,0.0,0,0,1,0,0,0
21:44:29,06:24:00,67.0,8.65,0.0,0,0,1,0,0,0
21:23:59,06:29:22,62.0,9.083333333333334,0.0,0,0,1,0,0,0
21:13:24,06:24:45,81.0,9.183333333333334,0.0,0,0,1,0,0,1
23:00:14,05:55:41,73.0,6.916666666666667,0.0,0,0,1,1,0,1
21:48:56,05:49:06,81.0,8.0,0.0,0,0,1,1,1,1
00:51:24,07:21:57,53.0,6.5,0.0,0,0,1,1,0,1
22:59:45,07:59:49,94.0,9.0,0.0,0,0,1,1,0,1
22:04:13,05:16:33,67.0,7.2,0.0,0,0,0,1,0,0
22:35:10,05:54:20,82.0,7.316666666666666,0.0,0,1,1,1,0,1
22:18:30,05:52:27,85.0,7.55,0.0,0,0,1,1,0,1
22:27:46,06:13:03,77.0,7.75,0.0,0,0,1,1,0,1
21:43:30,06:24:30,94.0,8.683333333333334,0.0,0,1,1,1,0,1
22:38:27,07:25:56,81.0,8.783333333333333,0.0,0,0,1,1,0,0
21:34:35,06:26:45,75.0,8.866666666666667,0.0,0,0,1,1,0,0
21:21:02,06:20:19,79.0,8.983333333333333,0.0,0,0,1,1,0,1
21:25:56,05:35:24,81.0,8.15,0.0,0,0,1,1,1,1
21:54:28,05:35:27,79.0,7.666666666666667,0.0,0,0,0,0,0,0
05:37:46,06:20:18,9.0,0.7,0.0,0,0,0,0,0,0
00:46:44,07:54:03,65.0,7.116666666666666,0.0,0,0,1,1,0,1
22:30:35,06:14:30,81.0,7.716666666666667,0.0,0,0,0,1,0,0
22:07:57,05:39:43,87.0,7.516666666666667,0.0,0,0,1,1,1,1
22:48:24,06:20:28,74.0,7.533333333333333,0.0,0,0,1,1,0,1
22:24:10,06:25:23,92.0,8.016666666666667,0.0,0,0,1,1,0,1
22:23:37,06:17:32,95.0,7.883333333333333,0.0,0,0,1,1,0,1
22:47:32,05:57:05,81.0,7.15,0.0,0,0,1,1,0,1
21:27:20,06:15:12,95.0,8.783333333333333,0.0,0,0,1,0,0,1
21:50:53,06:20:17,85.0,8.483333333333333,0.0,0,0,1,0,0,1
22:19:12,06:20:18,79.0,8.016666666666667,0.0,0,0,1,0,0,1
22:16:31,06:30:20,83.0,8.216666666666667,0.0,0,0,1,1,0,1
22:20:43,06:15:04,89.0,7.9,0.0,0,0,1,0,1,0
23:07:56,07:08:11,87.0,8.0,0.0,0,1,1,1,0,1
23:20:36,07:12:34,93.0,7.85,0.0,0,0,1,1,0,0
23:44:12,06:20:24,74.0,6.6,0.0,0,0,1,1,0,0
22:10:46,05:41:35,83.0,7.5,0.0,0,0,1,1,0,1
23:10:06,05:30:21,74.0,6.333333333333333,0.0,0,0,1,1,0,1
22:43:49,06:25:26,80.0,7.683333333333334,0.0,0,0,1,1,0,1
23:50:20,06:50:20,83.0,6.983333333333333,0.0,0,0,1,1,0,1
23:08:55,07:53:57,100.0,8.75,0.0,0,0,1,1,0,1
21:34:13,06:07:30,81.0,8.55,0.0,0,0,0,1,0,0
21:34:47,06:15:18,85.0,8.666666666666666,0.0,0,0,1,0,0,1
20:53:27,06:10:18,83.0,9.266666666666667,0.0,0,0,1,0,0,1
22:26:07,05:40:26,79.0,7.233333333333333,0.0,0,1,1,0,0,0
00:00:10,06:30:16,76.0,6.5,0.0,0,0,1,0,0,1
23:14:26,07:34:07,91.0,8.316666666666666,0.0,0,0,1,0,0,1
22:34:58,05:30:18,75.0,6.916666666666667,0.0,0,0,1,0,0,0
22:00:00,05:35:16,90.0,7.583333333333333,0.0,0,0,1,0,0,1
22:21:34,06:31:01,88.0,8.15,0.0,0,0,1,0,0,1
22:08:30,06:19:54,89.0,8.183333333333334,0.0,0,0,1,0,0,1
00:19:46,07:15:58,72.0,6.933333333333334,0.0,0,0,1,0,0,1
22:04:35,06:40:37,100.0,8.6,0.0,0,0,1,0,0,0
22:07:42,06:08:04,72.0,8.0,0.0,0,1,1,0,0,0
23:02:52,06:31:44,70.0,7.466666666666667,0.0,0,0,1,0,0,1
23:01:17,05:48:05,67.0,6.766666666666667,0.0,0,0,1,0,0,1
22:51:43,05:31:02,65.0,6.65,0.0,0,0,1,0,0,1
22:33:14,05:51:51,71.0,7.3,0.0,0,0,0,0,0,1
23:26:26,05:31:41,70.0,6.083333333333333,0.0,0,0,1,0,0,1
22:32:35,05:32:33,77.0,6.983333333333333,0.0,0,0,1,0,0,1
21:56:14,06:16:18,76.0,8.333333333333334,0.0,0,0,1,0,0,1
22:07:31,06:35:29,87.0,8.45,0.0,0,0,1,0,1,1
22:42:30,08:41:24,93.0,9.966666666666667,0.0,0,0,0,1,0,0
22:52:30,06:32:02,77.0,7.65,0.0,0,0,0,1,0,0
22:03:24,06:26:09,82.0,8.366666666666667,0.0,0,0,0,1,0,1
22:32:22,06:30:23,68.0,7.966666666666667,0.0,0,0,1,1,0,0
00:46:59,06:25:12,64.0,5.633333333333333,0.0,0,0,1,1,0,1
22:06:06,06:01:02,83.0,7.9,0.0,0,0,1,1,0,1
23:28:36,07:23:00,79.0,7.9,0.0,0,0,1,1,0,1
23:00:43,06:00:38,74.0,6.983333333333333,0.0,0,0,1,0,0,0
22:34:58,05:50:46,83.0,7.25,0.0,0,0,1,0,0,1
22:11:24,05:40:37,83.0,7.483333333333333,0.0,0,0,1,0,0,1
22:41:04,06:22:44,82.0,7.683333333333334,0.0,0,0,1,0,0,1
22:32:02,06:32:15,86.0,8.0,0.0,0,0,1,0,0,1
22:16:19,06:30:30,64.0,8.233333333333333,0.0,0,0,1,0,0,0
23:48:29,06:47:24,62.0,6.966666666666667,0.0,0,1,1,0,0,1
23:10:25,06:35:27,77.0,7.416666666666667,0.0,0,0,1,0,0,1
22:32:29,05:55:57,83.0,7.383333333333334,0.0,0,1,1,0,0,1
23:32:46,07:32:54,90.0,8.0,0.0,0,0,1,0,0,0
21:49:41,06:02:36,86.0,8.2,0.0,0,0,0,0,0,0
21:39:08,05:50:23,85.0,8.183333333333334,0.0,0,0,1,0,0,1
22:48:36,06:05:36,75.0,7.266666666666667,0.0,0,1,1,0,0,1
22:13:30,06:15:50,92.0,8.033333333333333,0.0,0,0,1,0,0,1
22:53:15,07:05:46,96.0,8.2,0.0,0,0,1,0,0,1
22:18:13,06:17:38,85.0,7.983333333333333,0.0,0,0,1,0,0,0
21:24:42,06:15:28,99.0,8.833333333333334,0.0,0,0,1,0,0,1
22:02:38,06:15:55,96.0,8.216666666666667,0.0,0,0,1,0,0,1
23:13:10,06:15:33,78.0,7.033333333333333,0.0,0,0,1,0,0,1
22:39:55,06:15:20,84.0,7.583333333333333,0.0,0,1,1,0,0,1
00:32:25,08:19:37,87.0,7.783333333333333,0.0,0,0,1,0,0,1
23:20:56,07:31:40,98.0,8.166666666666666,0.0,0,0,1,0,0,1
22:23:36,06:00:46,76.0,7.616666666666667,0.0,0,0,1,0,0,1
22:57:22,06:05:28,77.0,7.133333333333334,0.0,0,1,1,0,0,1
22:36:11,05:50:31,77.0,7.233333333333333,0.0,0,0,1,0,0,1
22:25:37,05:56:20,82.0,7.5,0.0,0,0,1,0,0,1
23:07:32,07:00:25,87.0,7.866666666666667,0.0,0,0,1,0,0,1
22:20:48,07:56:07,99.0,9.583333333333334,0.0,0,0,1,0,0,0
23:47:33,07:56:34,74.0,8.15,0.0,0,0,1,0,0,0
22:45:58,06:14:20,81.0,7.466666666666667,0.0,0,0,1,0,0,1
21:54:39,06:02:22,86.0,8.116666666666667,0.0,0,0,1,0,0,1
23:03:39,06:11:38,84.0,7.116666666666666,0.0,0,0,1,0,0,1
22:49:44,07:11:03,95.0,8.35,0.0,0,1,1,0,0,1
22:25:20,03:35:22,35.0,5.166666666666667,0.0,0,0,1,0,0,0
22:05:56,05:50:45,96.0,7.733333333333333,0.0,0,1,1,1,0,0
22:42:29,06:15:46,78.0,7.55,0.0,7200,0,1,0,1,1
21:58:44,06:23:31,36.0,8.4,0.0,3444,0,1,0,0,1
22:04:29,08:33:27,56.0,10.466666666666667,0.0,7901,0,1,0,0,0
22:08:40,06:20:25,52.0,8.183333333333334,0.0,3786,0,1,1,0,0
22:13:35,06:22:47,35.0,8.15,0.0,2668,0,1,0,0,1
23:08:06,06:38:18,51.0,7.5,0.0,4213,0,1,0,0,1
21:51:35,06:10:57,54.0,8.316666666666666,0.0,2210,0,1,0,0,1
22:06:03,06:19:47,55.0,8.216666666666667,0.0,3040,0,1,0,0,1
23:49:26,07:26:36,46.0,7.616666666666667,0.0,3887,0,1,0,0,1
23:52:04,08:25:52,48.0,8.55,0.0,5631,0,1,0,0,0
22:52:01,06:40:35,36.0,7.8,0.0,10059,0,1,0,0,0
22:10:33,06:20:22,40.0,8.15,0.0,3698,0,1,0,0,1
22:21:42,06:20:48,49.0,7.983333333333333,0.0,4399,0,1,0,0,1
22:33:07,06:20:32,49.0,7.783333333333333,0.0,4015,0,1,0,0,1
23:08:05,05:58:51,54.0,6.833333333333333,0.0,4374,0,1,0,0,1
22:38:01,07:47:43,67.0,9.15,0.0,5038,0,1,0,0,0
23:28:38,08:00:45,61.0,8.533333333333333,0.0,827,0,1,0,0,0
21:00:08,06:20:37,41.0,9.333333333333334,0.0,2542,0,0,1,0,1
22:11:10,06:22:09,70.0,8.166666666666666,0.0,7370,0,0,1,0,1
22:31:00,06:21:04,69.0,7.833333333333333,0.0,5658,0,0,1,0,1
22:28:57,06:10:18,61.0,7.683333333333334,0.0,7107,0,0,1,0,1
00:45:06,07:06:54,58.0,6.35,0.0,7048,0,1,0,0,1
22:44:13,06:01:14,33.0,7.283333333333333,0.0,6925,0,0,1,0,0
23:05:56,06:20:22,60.0,7.233333333333333,0.0,1130,0,1,0,0,0
22:46:00,06:20:12,67.0,7.566666666666666,0.0,7025,0,0,1,0,1
21:55:44,06:07:55,59.0,8.2,0.0,5955,0,0,1,0,1
22:26:52,06:20:38,65.0,7.883333333333333,0.0,9243,0,0,1,0,1
22:26:00,08:22:25,70.0,9.933333333333334,0.0,908,0,1,0,0,0
22:28:43,06:24:18,57.0,7.916666666666667,0.0,2191,0,1,0,0,1
22:14:12,06:22:04,60.0,8.116666666666667,0.0,11650,0,0,1,0,1
22:39:22,06:15:30,57.0,7.6,0.0,10842,0,0,1,0,1
22:11:55,06:11:36,60.0,7.983333333333333,0.0,5765,0,0,1,0,0
22:26:20,06:55:45,70.0,8.483333333333333,0.0,8047,0,0,1,0,1
22:53:08,06:24:53,58.0,7.516666666666667,0.0,359,0,1,1,0,1
22:17:19,06:20:57,55.0,8.05,0.0,8733,1,0,1,0,1
22:22:09,06:06:46,55.0,7.733333333333333,0.0,6963,0,0,1,0,1
23:10:52,06:20:16,60.0,7.15,0.0,10392,0,1,1,0,1
22:50:50,06:20:29,53.0,7.483333333333333,0.0,7230,0,1,0,0,1
00:06:21,08:27:00,67.0,8.333333333333334,0.0,7255,0,1,1,0,1
23:23:45,07:50:03,55.0,8.433333333333334,0.0,4555,0,1,0,0,0
23:29:07,06:25:22,54.0,6.933333333333334,0.0,8954,0,1,1,0,0
22:24:38,06:03:11,62.0,7.633333333333333,0.0,9726,0,1,1,0,1
21:53:10,06:21:35,66.0,8.466666666666667,0.0,8587,0,0,1,0,1
22:33:02,06:21:09,54.0,7.8,0.0,8612,0,0,1,0,1
00:07:25,06:40:59,52.0,6.55,0.0,8737,0,0,1,0,1
23:18:12,07:20:20,71.0,8.033333333333333,0.0,10375,0,1,1,0,1
22:38:44,06:28:39,59.0,7.816666666666666,0.0,21870,0,1,1,0,1
22:28:30,06:14:27,56.0,7.75,0.0,10106,0,0,1,0,1
22:48:24,06:05:17,65.0,7.266666666666667,0.0,9308,0,1,0,0,1
22:26:35,06:30:44,61.0,8.066666666666666,0.0,8406,0,1,0,0,1
23:00:24,07:31:15,71.0,8.5,0.0,779,0,1,0,0,0
22:52:39,06:20:38,50.0,7.45,0.0,3932,0,1,1,0,0
22:53:05,06:27:22,63.0,7.566666666666666,0.0,10266,0,1,1,0,1
22:34:56,06:10:12,67.0,7.583333333333333,0.0,10540,1,1,0,0,1
22:13:21,05:49:19,64.0,7.583333333333333,0.0,8164,0,1,0,0,1
22:14:18,06:33:30,67.0,8.316666666666666,0.0,7271,0,1,1,0,1
01:38:50,07:18:16,54.0,5.65,0.0,6044,0,1,1,0,0
00:07:46,08:47:55,81.0,8.666666666666666,0.0,7682,0,1,0,0,0
22:21:35,06:23:30,66.0,8.016666666666667,0.0,6719,0,1,1,0,0
23:04:24,06:25:53,65.0,7.35,0.0,8273,0,1,1,0,1
22:48:36,06:35:20,69.0,7.766666666666667,0.0,6366,0,0,1,0,1
22:55:13,06:26:10,72.0,7.5,0.0,9368,0,1,1,0,1
23:03:27,06:35:41,63.0,7.533333333333333,0.0,7967,0,1,1,0,1
00:16:28,07:51:08,66.0,7.566666666666666,0.0,8641,0,1,1,0,0
22:46:10,06:10:08,68.0,7.383333333333334,0.0,1283,0,1,0,0,1
22:19:52,05:57:51,68.0,7.616666666666667,0.0,4542,1,0,1,0,1
22:52:01,06:30:20,72.0,7.633333333333333,0.0,2870,1,1,1,0,0
00:13:27,06:15:18,52.0,6.016666666666667,0.0,10506,1,1,1,0,0
22:49:41,07:58:35,80.0,9.133333333333333,0.0,6716,1,1,0,0,0
21:58:25,05:47:40,65.0,7.816666666666666,0.0,6623,0,1,0,0,0
22:16:20,05:51:55,70.0,7.583333333333333,0.0,6608,0,0,1,0,1
22:51:28,05:48:09,62.0,6.933333333333334,0.0,7119,0,1,1,0,1
22:37:37,05:55:35,65.0,7.283333333333333,0.0,8981,0,1,1,0,1
23:58:36,07:19:01,56.0,7.333333333333333,0.0,7385,0,1,1,0,1
23:25:33,07:16:45,74.0,7.85,0.0,737,0,1,1,0,0
22:14:54,07:35:12,72.0,9.333333333333334,0.0,5274,0,0,1,0,0
23:10:58,07:07:23,70.0,7.933333333333334,0.0,2670,0,1,0,0,0
23:15:24,06:59:25,73.0,7.733333333333333,0.0,5825,0,0,1,0,0
23:37:14,07:13:39,70.0,7.6,0.0,5971,0,1,1,0,0
23:47:47,07:53:30,81.0,8.083333333333334,0.0,1540,0,0,1,0,0
23:00:56,07:02:20,80.0,8.016666666666667,0.0,847,0,1,1,0,0
22:38:54,05:40:29,68.0,7.016666666666667,0.0,6149,0,1,1,0,0
21:26:49,05:40:44,80.0,8.216666666666667,0.0,10585,0,0,1,0,1
22:44:23,06:10:19,73.0,7.416666666666667,0.0,10248,0,1,1,0,1
22:00:35,06:39:41,88.0,8.65,0.0,6536,0,0,1,0,1
23:09:40,07:40:13,89.0,8.5,0.0,5628,0,1,1,0,0
22:01:16,06:18:05,75.0,8.266666666666667,0.0,595,0,0,1,0,0
22:35:53,06:26:48,83.0,7.833333333333333,0.0,7499,0,0,1,0,1
23:33:57,06:31:02,71.0,6.95,0.0,3196,0,0,1,0,0
21:12:34,05:13:52,89.0,8.016666666666667,0.0,3763,0,1,1,0,0
05:14:26,06:38:52,17.0,1.4,0.0,3763,0,0,0,0,0
21:40:00,05:11:18,71.0,7.516666666666667,0.0,4904,0,0,1,0,0
01:18:30,09:20:41,89.0,8.033333333333333,0.0,3158,0,1,1,0,0
21:45:14,05:45:33,78.0,8.0,0.0,4514,0,0,1,0,0
21:44:42,05:40:05,79.0,7.916666666666667,0.0,7137,0,0,1,0,1
22:13:52,05:46:46,72.0,7.533333333333333,0.0,7709,0,0,1,0,1
22:46:53,06:19:39,82.0,7.533333333333333,0.0,10521,0,1,1,0,1
23:32:15,06:47:33,69.0,7.25,0.0,9338,0,1,1,0,1
22:48:02,08:11:02,79.0,9.383333333333333,0.0,4629,0,0,1,0,0
01:07:36,08:27:16,82.0,7.316666666666666,0.0,5776,0,1,0,0,1
22:14:46,06:16:45,85.0,8.016666666666667,0.0,168,0,0,1,0,0
22:56:32,06:35:28,81.0,7.633333333333333,0.0,6964,0,1,1,0,0
22:02:53,06:05:24,83.0,8.033333333333333,0.0,3448,0,1,1,0,1
21:57:40,06:18:20,74.0,8.333333333333334,0.0,4114,0,0,1,0,0
21:29:37,05:00:47,75.0,7.516666666666667,0.0,7112,0,0,1,0,0
22:35:39,05:47:37,78.0,7.183333333333334,0.0,3391,0,1,1,0,0
21:49:28,06:35:32,96.0,8.766666666666667,0.0,2335,0,0,1,0,0
23:48:48,07:09:06,84.0,7.333333333333333,0.0,7293,0,0,1,0,0
23:56:08,07:30:08,86.0,7.55,0.0,8488,0,1,1,0,0
23:07:02,07:07:26,74.0,8.0,0.0,5701,1,1,1,0,0
23:17:04,07:22:29,69.0,8.083333333333334,0.0,4509,0,1,1,0,0
23:25:36,08:26:18,92.0,9.0,0.0,3868,0,1,1,0,0
22:35:54,05:10:36,73.0,6.566666666666666,0.0,5216,0,1,1,0,0
05:11:12,06:30:19,17.0,1.3166666666666667,0.0,5216,0,0,0,0,0
21:47:36,05:57:07,87.0,8.15,0.0,3669,0,0,1,0,0
22:40:41,06:10:16,87.0,7.483333333333333,0.0,10856,0,1,1,0,1
22:39:33,06:42:11,93.0,8.033333333333333,0.0,7787,0,0,1,0,1
23:14:42,08:43:54,90.0,9.483333333333333,0.0,10344,0,1,1,0,0
00:34:09,07:56:17,79.0,7.366666666666666,0.0,3094,0,0,1,0,0
22:07:26,06:23:46,84.0,8.266666666666667,0.0,202,0,0,1,0,0
22:42:26,06:40:14,65.0,7.95,0.0,7122,0,1,1,0,0
22:20:00,06:14:43,84.0,7.9,0.0,1734,0,1,1,0,0
22:14:13,05:22:08,73.0,7.116666666666666,0.0,2562,0,1,1,0,0
22:13:43,05:31:40,64.0,7.283333333333333,0.0,8076,0,1,1,1,0
23:27:43,07:22:42,89.0,7.9,0.0,12802,0,0,1,0,1
23:25:52,06:58:37,74.0,7.533333333333333,0.0,12258,0,1,1,0,1
21:58:38,05:11:26,71.0,7.2,0.0,4540,0,0,1,0,0
05:12:01,07:20:39,24.0,2.1333333333333333,0.0,4540,0,0,0,0,0
22:23:54,05:01:08,57.0,6.616666666666667,0.0,173,0,0,1,0,0
22:22:23,06:31:54,76.0,8.15,0.0,6368,0,0,1,0,0
22:14:59,06:30:21,92.0,8.25,0.0,1740,0,1,1,0,0
23:07:08,07:45:58,78.0,8.633333333333333,0.0,5056,0,0,1,0,0
23:12:38,07:42:38,96.0,8.483333333333333,0.0,4223,0,0,1,0,0
22:03:13,06:25:22,64.0,8.366666666666667,0.0,4336,0,0,1,0,0
22:34:02,06:09:14,89.0,7.583333333333333,0.0,4772,0,1,1,0,0
22:55:44,06:13:18,84.0,7.283333333333333,0.0,3492,0,1,1,0,0
20:54:01,05:09:50,85.0,8.25,0.0,6010,0,0,1,0,1
22:12:44,04:58:00,54.0,6.75,0.0,4200,0,1,1,0,1
04:58:17,06:40:57,21.0,1.7,0.0,4200,0,0,0,0,0
23:22:46,07:25:11,91.0,8.033333333333333,0.0,4573,0,1,1,0,0
23:27:29,06:01:53,63.0,6.566666666666666,0.0,3228,0,1,0,0,0
22:44:33,06:20:33,78.0,7.6,0.0,5379,0,1,1,0,1
22:41:03,06:10:32,74.0,7.483333333333333,0.0,7521,0,1,1,0,1
22:19:54,06:31:10,85.0,8.183333333333334,0.0,2309,0,1,1,0,0
23:58:49,07:08:37,80.0,7.15,0.0,2983,0,1,1,0,0
23:45:02,07:20:28,68.0,7.583333333333333,0.0,6833,0,1,1,0,0
22:53:55,06:30:28,75.0,7.6,0.0,7665,0,1,1,0,0
22:30:15,06:20:17,71.0,7.833333333333333,0.0,7552,0,1,1,1,1
23:34:51,06:30:17,71.0,6.916666666666667,0.0,5339,0,1,1,0,0
23:46:48,06:27:00,68.0,6.666666666666667,0.0,4076,0,1,1,0,0
22:31:43,05:00:18,62.0,6.466666666666667,0.0,12892,1,1,1,0,1
05:00:41,06:36:44,21.0,1.6,0.0,12892,0,0,0,0,0
22:37:33,07:07:59,100.0,8.5,0.0,3417,0,0,1,0,0
21:49:33,07:06:19,63.0,9.266666666666667,0.0,2756,0,1,1,0,0
21:51:58,05:02:27,74.0,7.166666666666667,0.0,6003,0,1,1,0,0
05:02:55,06:36:52,12.0,1.55,0.0,6003,0,0,0,0,0
23:17:25,06:13:14,59.0,6.916666666666667,0.0,3588,0,1,1,0,0
22:36:26,06:25:08,44.0,7.8,0.0,5558,0,1,1,0,0
22:33:17,06:31:28,83.0,7.966666666666667,0.0,3301,0,1,1,0,0
23:49:14,08:09:19,93.0,8.333333333333334,0.0,3027,0,1,1,0,0
00:28:17,08:16:49,79.0,7.8,0.0,3361,0,0,1,0,0
22:12:40,06:16:47,66.0,8.066666666666666,0.0,460,0,1,1,0,0
22:43:58,06:27:19,76.0,7.716666666666667,0.0,7419,0,0,1,0,0
23:14:34,06:26:11,72.0,7.183333333333334,0.0,5499,0,1,1,0,0
21:30:46,05:02:42,83.0,7.516666666666667,0.0,4258,0,0,1,0,0
22:15:13,05:34:22,81.0,7.316666666666666,0.0,5862,0,1,1,0,0
05:34:46,06:30:30,12.0,0.9166666666666666,0.0,5862,0,0,0,0,0
02:46:24,09:52:39,80.0,7.1,0.0,6388,0,1,1,1,1
00:40:06,07:47:20,77.0,7.116666666666666,0.0,4275,0,0,1,0,0
22:16:11,05:50:20,81.0,7.566666666666666,0.0,2499,0,1,0,0,0
21:39:30,05:40:39,87.0,8.016666666666667,0.0,7351,0,1,1,0,1
05:43:20,06:40:40,12.0,0.95,0.0,7351,0,0,0,0,0
22:23:16,06:30:31,85.0,8.116666666666667,0.0,6109,0,1,1,0,0
22:22:27,06:18:06,81.0,7.916666666666667,0.0,6388,0,1,1,0,1
00:12:24,08:28:54,96.0,8.266666666666667,0.0,6785,0,1,1,0,0
22:01:00,06:08:33,93.0,8.116666666666667,0.0,171,0,1,1,0,0
22:01:27,06:22:56,97.0,8.35,0.0,4670,0,1,1,0,0
22:13:31,06:15:26,90.0,8.016666666666667,0.0,7000,0,1,1,0,1
21:13:09,06:18:48,85.0,9.083333333333334,0.0,3744,0,1,1,0,0
21:48:29,05:01:32,71.0,7.216666666666667,0.0,7028,0,1,1,0,1
22:42:49,06:57:16,86.0,8.233333333333333,0.0,2679,0,1,1,0,0
22:39:47,06:33:44,80.0,7.883333333333333,0.0,1572,0,1,1,0,0
21:20:30,05:02:38,81.0,7.7,0.0,6212,0,0,1,0,1
21:06:21,05:23:46,89.0,8.283333333333333,0.0,5933,0,0,1,0,1
22:33:27,06:17:42,71.0,7.733333333333333,0.0,9185,0,1,1,0,1
22:33:05,06:37:29,95.0,8.066666666666666,0.0,7887,0,1,1,0,1
22:55:16,08:02:40,99.0,9.116666666666667,0.0,10528,0,1,1,0,0
22:26:50,07:21:18,89.0,8.9,0.0,302,0,0,1,0,0
00:02:06,07:20:24,79.0,7.3,0.0,2750,0,1,1,0,0
23:35:25,07:16:45,88.0,7.683333333333334,0.0,3695,0,1,1,0,0
23:20:23,06:21:50,79.0,7.016666666666667,0.0,1913,0,1,1,0,0
22:02:27,05:15:10,72.0,7.2,0.0,7155,0,0,1,0,1
22:20:49,05:41:56,76.0,7.35,0.0,7810,0,1,1,0,1
23:19:31,07:16:06,100.0,7.933333333333334,0.0,3549,0,1,1,0,0
22:03:26,05:33:14,83.0,7.483333333333333,0.0,3554,0,1,1,0,1
21:19:26,05:42:21,78.0,8.366666666666667,0.0,7562,0,0,1,0,1
22:29:53,05:41:34,78.0,7.183333333333334,0.0,7823,0,1,1,0,1
22:29:26,06:04:16,79.0,7.566666666666666,0.0,7708,0,1,1,0,1
22:42:12,07:33:52,93.0,8.85,0.0,8615,0,1,1,0,1
02:10:07,08:37:45,80.0,6.45,0.0,9461,0,1,1,0,0
21:22:18,07:16:24,95.0,9.9,0.0,4595,0,0,1,0,0
22:01:10,06:20:15,90.0,8.316666666666666,0.0,2835,0,1,1,0,1
21:58:04,06:01:05,92.0,8.05,0.0,1898,0,0,1,0,0
22:01:48,06:11:12,81.0,8.15,0.0,8396,0,0,1,0,1
23:45:02,06:20:30,73.0,6.583333333333333,0.0,7948,0,1,1,0,1
23:12:55,06:20:28,68.0,7.116666666666666,0.0,14408,0,1,1,0,1
00:00:47,07:30:09,75.0,7.483333333333333,0.0,8646,0,1,1,0,1
00:52:01,06:32:21,65.0,5.666666666666667,0.0,771,0,1,0,0,0
22:21:48,05:41:07,70.0,7.316666666666666,0.0,11355,0,0,1,0,1
06:03:43,06:31:04,6.0,0.45,0.0,0,0,0,0,0,0
22:39:32,05:55:47,67.0,7.266666666666667,0.0,4153,0,0,0,0,0
21:42:46,06:54:43,74.0,9.183333333333334,0.0,1318,0,0,1,0,0
23:52:36,08:05:24,83.0,8.2,0.0,889,0,1,1,0,0
21:45:29,07:52:55,88.0,10.116666666666667,0.0,4787,0,0,1,0,0
23:23:33,07:05:46,73.0,7.7,0.0,4581,0,0,1,0,0
00:06:45,07:51:04,83.0,7.733333333333333,0.0,1510,0,1,1,0,0
22:12:26,05:54:09,66.0,7.683333333333334,0.0,780,0,1,1,0,0
22:43:50,06:20:23,59.0,7.6,0.0,6284,0,1,1,0,1
21:39:14,05:30:23,75.0,7.85,0.0,8213,0,0,0,0,0
22:15:07,05:41:14,75.0,7.433333333333334,0.0,7905,0,1,1,0,1
22:36:25,07:46:24,83.0,9.15,0.0,8072,0,1,1,0,1
00:53:51,08:38:20,86.0,7.733333333333333,0.0,2666,0,1,1,0,0
22:31:31,06:31:01,75.0,7.983333333333333,0.0,3042,0,1,0,0,0
23:07:26,06:34:32,72.0,7.45,0.0,10319,0,1,1,0,1
22:20:09,06:20:58,85.0,8.0,0.0,8358,0,1,1,0,1
22:25:19,06:32:18,68.0,8.1,0.0,7337,0,1,1,0,1
22:48:26,06:40:19,64.0,7.85,0.0,6551,0,1,1,0,1
23:39:58,08:17:11,90.0,8.616666666666667,0.0,3357,1,1,1,0,0
23:39:22,07:23:20,74.0,7.716666666666667,0.0,2668,0,1,1,0,0
22:28:38,06:16:14,72.0,7.783333333333333,0.0,7491,0,1,1,0,1
22:00:53,06:17:03,74.0,8.266666666666667,0.0,11475,0,1,1,0,1
21:47:56,06:04:42,77.0,8.266666666666667,0.0,4810,0,1,1,0,1
22:59:05,06:20:50,59.0,7.35,0.0,6932,0,1,1,0,1
22:37:37,06:10:20,73.0,7.533333333333333,0.0,5954,0,1,1,0,1
00:25:02,07:45:11,83.0,7.333333333333333,0.0,11070,0,1,1,0,1
21:51:42,06:10:11,81.0,8.3,0.0,4310,0,1,0,0,0
22:28:29,06:11:31,66.0,7.716666666666667,0.0,8598,0,1,1,0,1
23:33:31,06:03:03,64.0,6.483333333333333,0.0,6073,0,1,1,0,1
06:04:51,07:45:36,18.0,1.6666666666666665,0.0,0,0,0,0,0,0
22:43:36,06:16:14,82.0,7.533333333333333,0.0,2854,0,1,1,0,0
21:52:42,06:40:09,95.0,8.783333333333333,0.0,4280,0,1,1,0,1
00:42:34,07:41:35,73.0,6.983333333333333,0.0,4068,0,1,1,0,1
00:04:29,08:11:13,73.0,8.1,0.0,3298,0,0,1,0,0
21:57:30,06:20:25,77.0,8.366666666666667,0.0,3958,0,1,1,0,0
22:55:59,06:30:17,75.0,7.566666666666666,0.0,7661,0,1,1,0,1
22:41:34,06:17:58,73.0,7.6,0.0,1865,0,0,1,0,0
22:44:16,06:40:48,90.0,7.933333333333334,0.0,6764,0,1,1,0,1
23:17:42,06:27:47,88.0,7.166666666666667,0.0,82,1,1,1,0,1
01:04:03,08:56:08,73.0,7.866666666666667,0.0,5606,0,1,1,0,1
22:29:18,07:35:39,90.0,9.1,0.0,8858,0,0,1,0,1
00:14:39,07:46:48,70.0,7.533333333333333,0.0,14276,0,1,0,0,1
22:09:30,06:37:45,82.0,8.466666666666667,0.0,3884,0,0,1,0,1
22:19:48,06:24:25,73.0,8.066666666666666,0.0,4565,0,0,1,0,1
00:18:11,08:01:15,81.0,7.716666666666667,0.0,3770,0,1,0,0,1
22:37:11,06:18:28,75.0,7.683333333333334,0.0,1450,0,1,0,0,0
22:28:43,06:11:10,88.0,7.7,0.0,7711,1,1,0,0,1
21:59:14,06:20:27,75.0,8.35,0.0,6430,0,1,0,1,1
22:26:34,05:45:50,86.0,7.316666666666666,0.0,6964,0,1,1,0,1
22:59:29,06:40:30,80.0,7.683333333333334,0.0,4562,0,1,1,0,1
22:05:31,06:11:20,69.0,8.083333333333334,0.0,1867,0,1,1,0,0
21:56:57,07:13:29,72.0,9.266666666666667,0.0,8205,0,1,0,0,1
23:14:35,06:21:14,67.0,7.1,0.0,6705,0,1,0,0,0
22:30:09,06:17:34,74.0,7.783333333333333,0.0,7820,0,1,0,0,1
21:38:46,05:53:29,76.0,8.233333333333333,0.0,5391,1,1,1,0,1
22:54:08,06:34:25,41.0,7.666666666666667,0.0,10542,0,1,1,0,1
21:47:22,06:17:26,70.0,8.5,0.0,255,0,0,1,0,0
00:07:56,07:55:35,67.0,7.783333333333333,0.0,10427,0,0,0,0,0
22:18:20,06:10:31,78.0,7.866666666666667,0.0,6507,0,0,0,0,0
21:44:54,06:17:41,93.0,8.533333333333333,0.0,10373,0,0,0,0,0
22:18:02,06:12:15,74.0,7.9,0.0,9204,0,0,0,0,0
22:34:54,06:13:20,68.0,7.633333333333333,0.0,5027,0,0,0,0,0
22:19:07,06:07:14,76.0,7.8,0.0,7106,0,0,0,0,0
05:01:21,07:34:55,31.0,2.55,0.0,12153,0,0,0,0,0
07:35:10,08:09:18,7.0,0.5666666666666667,0.0,804,0,0,0,0,0
22:22:20,06:02:19,66.0,7.65,0.0,5251,0,0,0,0,0
22:57:14,06:24:06,70.0,7.433333333333334,0.0,6672,0,0,0,0,0
22:31:36,06:15:06,77.0,7.716666666666667,0.0,7007,0,0,0,0,0
06:16:05,07:03:46,10.0,0.7833333333333333,0.0,0,0,0,0,0,0
22:32:49,06:10:27,72.0,7.616666666666667,0.0,4898,0,0,0,0,0
23:37:40,06:38:08,59.0,7.0,0.0,7064,0,0,0,0,0
23:26:37,07:11:05,74.0,7.733333333333333,0.0,114,0,0,0,0,0
22:08:35,06:18:46,83.0,8.166666666666666,0.0,3403,0,0,0,0,0
21:24:01,06:15:53,90.0,8.85,0.0,6043,0,0,0,0,0
21:52:15,06:33:17,86.0,8.683333333333334,0.0,8946,0,0,0,0,0
21:53:16,06:21:30,69.0,8.466666666666667,0.0,7778,0,0,0,0,0
22:32:41,06:33:05,77.0,8.0,0.0,5510,0,0,0,0,0
00:31:28,07:44:16,81.0,7.2,0.0,17770,0,0,0,0,0
22:37:36,06:18:46,73.0,7.683333333333334,0.0,10604,0,0,0,0,0
22:07:02,05:55:45,74.0,7.8,0.0,7474,0,0,0,0,0
21:48:16,05:43:17,66.0,7.916666666666667,0.0,6430,0,0,0,0,0
22:33:57,06:31:01,73.0,7.95,0.0,11076,0,0,0,0,0
22:36:36,05:59:34,70.0,7.366666666666666,0.0,12647,0,0,0,0,0
22:25:58,06:01:00,74.0,7.583333333333333,0.0,4260,0,0,0,0,0
21:39:56,06:06:25,65.0,8.433333333333334,0.0,5504,0,0,0,0,0
23:12:08,06:25:50,67.0,7.216666666666667,0.0,6915,0,0,0,0,0
22:30:55,06:45:43,81.0,8.233333333333333,0.0,3919,0,0,0,0,0
01:10:44,07:54:40,78.0,6.716666666666667,0.0,5342,0,0,0,0,0
02:12:50,07:53:21,69.0,5.666666666666667,0.0,3739,0,0,0,0,0
22:08:10,06:25:30,70.0,8.283333333333333,0.0,5925,0,0,0,0,0
22:51:14,06:17:36,71.0,7.433333333333334,0.0,4840,0,0,0,0,0
22:00:00,06:39:58,84.0,8.65,0.0,5157,0,0,0,0,0
21:45:40,05:55:33,87.0,8.15,0.0,4336,0,0,0,0,0
01:06:17,07:54:35,68.0,6.8,0.0,135,0,0,0,0,0
23:13:07,07:10:13,78.0,7.95,0.0,5579,0,0,0,0,0
21:57:52,05:49:17,84.0,7.85,0.0,3901,0,0,0,0,0
05:34:23,05:55:30,5.0,0.35,0.0,6485,0,0,0,0,0
22:04:25,05:48:19,87.0,7.716666666666667,0.0,5451,0,0,0,0,0
22:29:46,06:05:30,74.0,7.583333333333333,0.0,2899,0,0,0,0,0
21:53:02,05:50:03,51.0,7.95,0.0,1552,0,0,0,0,0
23:29:02,06:22:28,38.0,6.883333333333333,0.0,5221,0,0,0,0,0
22:00:52,06:50:26,72.0,8.816666666666666,0.0,3834,0,0,0,0,0
23:20:22,06:33:10,89.0,7.2,0.0,1018,0,0,0,0,0
22:39:28,06:19:20,82.0,7.65,0.0,1837,0,0,0,0,0
23:15:08,06:10:05,77.0,6.9,0.0,893,0,0,0,0,0
22:32:50,06:06:01,81.0,7.55,0.0,5280,0,0,0,0,0
23:14:21,06:32:32,80.0,7.3,0.0,3584,0,0,0,0,0
22:59:14,07:31:09,76.0,8.516666666666667,0.0,1114,0,0,0,0,0
23:37:59,07:38:03,81.0,8.0,0.0,5152,0,0,0,0,0
23:03:23,08:12:03,99.0,9.133333333333333,0.0,3045,0,0,0,0,0
23:14:29,07:41:10,73.0,8.433333333333334,0.0,2429,0,0,0,0,0
22:34:04,06:05:52,81.0,7.516666666666667,0.0,7187,0,0,0,0,0
23:22:48,05:53:13,59.0,6.5,0.0,4488,0,0,0,0,0
22:58:37,06:40:56,79.0,7.7,0.0,5541,0,0,0,0,0
22:46:18,05:51:01,58.0,7.066666666666666,0.0,6246,0,0,0,0,0
22:32:46,05:51:31,67.0,7.3,0.0,7940,0,0,0,0,0
21:56:15,06:30:25,83.0,8.566666666666666,0.0,5029,0,0,0,0,0
22:01:52,05:29:51,81.0,7.45,0.0,9185,0,0,0,0,0
20:36:10,04:53:01,35.0,8.266666666666667,0.0,7581,0,0,0,0,0
23:37:21,06:38:04,30.0,7.0,0.0,10605,0,0,0,0,0
22:15:33,07:00:30,94.0,8.733333333333333,0.0,13476,0,0,0,0,0
22:03:24,07:20:54,82.0,9.283333333333333,0.0,3921,0,0,0,0,0
23:01:16,06:38:25,74.0,7.616666666666667,0.0,3332,0,0,0,0,0
23:01:05,07:16:49,81.0,8.25,0.0,3001,0,0,0,0,0
22:33:45,07:38:02,89.0,9.066666666666666,0.0,7268,0,0,0,0,0
00:46:32,08:08:23,81.0,7.35,0.0,4835,0,0,0,0,0
23:07:20,07:22:04,84.0,8.233333333333333,0.0,3230,0,0,0,0,0
22:49:42,06:07:20,59.0,7.283333333333333,0.0,1333,0,0,0,0,0
22:38:20,06:08:21,81.0,7.5,0.0,8922,0,0,0,0,0
22:02:41,06:02:21,79.0,7.983333333333333,0.0,5095,0,0,0,0,0
22:26:23,06:05:39,77.0,7.65,0.0,5470,0,0,0,0,0
21:24:16,06:13:13,74.0,8.8,0.0,2257,0,0,0,0,0
22:39:00,06:06:05,56.0,7.45,0.0,12094,0,0,0,0,0
22:03:48,06:08:39,86.0,8.066666666666666,0.0,6059,0,0,0,0,0
23:43:45,06:32:29,55.0,6.8,0.0,6075,0,0,0,0,0
22:06:34,06:05:38,79.0,7.983333333333333,0.0,4400,0,0,0,0,0
00:18:13,08:51:40,91.0,8.55,0.0,4880,0,0,0,0,0
22:50:59,06:32:47,71.0,7.683333333333334,0.0,7213,0,0,0,0,0
22:19:43,06:04:41,69.0,7.733333333333333,0.0,3640,0,0,0,0,0
22:16:47,06:04:25,76.0,7.783333333333333,0.0,5184,0,0,0,0,0
22:04:28,06:06:58,65.0,8.033333333333333,0.0,4443,0,0,0,0,0
22:23:28,06:07:29,72.0,7.733333333333333,0.0,5242,0,0,0,0,0
21:44:24,05:57:26,80.0,8.216666666666667,0.0,5142,0,0,0,0,0
22:17:38,06:19:01,73.0,8.016666666666667,0.0,5050,0,0,0,0,0
23:01:43,05:49:35,66.0,6.783333333333333,0.0,1706,0,0,0,0,0
22:06:02,06:08:22,83.0,8.033333333333333,0.0,10076,0,0,0,0,0
23:36:21,06:41:18,75.0,7.066666666666666,0.0,5320,0,0,0,0,0
23:14:44,08:00:51,80.0,8.766666666666667,0.0,2809,0,0,0,0,0
00:03:39,07:36:48,79.0,7.55,0.0,6235,0,0,0,0,0
21:44:19,06:05:20,69.0,8.35,0.0,2757,0,0,0,0,0
22:55:18,06:00:50,76.0,7.083333333333333,0.0,5551,0,0,0,0,0
21:41:07,06:25:44,96.0,8.733333333333333,0.0,3729,0,0,0,0,0
22:44:21,06:05:20,75.0,7.333333333333333,0.0,7101,0,0,0,0,0
21:24:20,04:37:37,76.0,7.216666666666667,0.0,4906,0,0,0,0,0
22:56:47,07:44:33,55.0,8.783333333333333,0.0,4507,0,0,0,0,0
21:57:55,08:05:32,71.0,10.116666666666667,0.0,1588,0,0,0,0,0
22:27:21,06:10:18,79.0,7.7,0.0,3951,0,0,0,0,0
22:23:41,06:00:29,80.0,7.6,0.0,5912,0,0,0,0,0
22:32:30,06:10:39,71.0,7.633333333333333,0.0,5314,0,0,0,0,0
22:22:18,06:37:05,79.0,8.233333333333333,0.0,3240,0,0,0,0,0
23:03:57,08:15:03,88.0,9.183333333333334,0.0,356,0,0,0,0,0
22:58:56,07:24:01,80.0,8.416666666666666,0.0,388,0,0,0,0,0
22:47:15,05:56:41,69.0,7.15,0.0,4287,0,0,0,0,0
21:51:31,06:01:21,74.0,8.15,0.0,7129,0,0,0,0,0
21:41:00,06:02:24,78.0,8.35,0.0,3342,0,0,0,0,0
00:01:27,06:02:24,60.0,6.0,0.0,4074,0,0,0,0,0
21:13:33,06:14:02,100.0,9.0,0.0,907,0,0,0,0,0
00:05:16,07:57:15,89.0,7.85,0.0,5899,0,0,0,0,0
00:25:34,07:45:57,79.0,7.333333333333333,0.0,71,0,0,0,0,0
21:50:11,06:00:36,82.0,8.166666666666666,0.0,5210,0,0,0,0,0
22:18:50,06:01:49,65.0,7.7,0.0,6636,0,0,0,0,0
22:15:22,06:06:53,83.0,7.85,0.0,5355,0,0,0,0,0
21:55:37,06:00:46,65.0,8.083333333333334,0.0,4119,0,0,0,0,0
01:50:09,06:51:31,59.0,5.016666666666667,0.0,5364,0,0,0,0,0
22:51:22,07:51:27,91.0,9.0,0.0,1097,0,0,0,0,0
22:26:09,06:00:41,78.0,7.566666666666666,0.0,1430,0,0,0,0,0
22:52:29,05:43:44,62.0,6.85,0.0,7603,0,0,0,0,0
23:29:23,05:02:58,49.0,5.55,0.0,9304,0,0,0,0,0
21:25:12,06:21:18,74.0,8.933333333333334,0.0,5051,0,0,0,0,0
23:23:48,07:26:48,89.0,8.033333333333333,0.0,787,0,0,0,0,0
22:30:18,06:05:55,70.0,7.583333333333333,0.0,5504,0,0,0,0,0
22:08:49,05:58:38,75.0,7.816666666666666,0.0,3709,0,0,0,0,0
21:01:59,05:45:28,90.0,8.716666666666667,0.0,144,0,0,0,0,0
23:11:50,06:30:07,76.0,7.3,0.0,6094,0,0,0,0,0
22:04:06,07:15:12,96.0,9.183333333333334,0.0,847,0,0,0,0,0
23:29:46,07:21:04,83.0,7.85,0.0,5919,0,0,0,0,0
23:06:26,07:18:05,84.0,8.183333333333334,0.0,1751,0,0,0,0,0
23:39:58,08:30:57,79.0,8.833333333333334,0.0,3789,0,0,0,0,0
21:16:47,06:50:55,93.0,9.566666666666666,0.0,52,0,0,0,0,0
21:23:57,06:51:33,85.0,9.45,0.0,27,0,0,0,0,0
22:33:27,06:07:47,80.0,7.566666666666666,0.0,430,0,0,0,0,0
23:08:36,07:20:32,91.0,8.183333333333334,0.0,3281,0,0,0,0,0
21:58:13,06:02:13,82.0,8.066666666666666,0.0,4153,0,0,0,0,0
22:26:32,06:00:14,86.0,7.55,0.0,6494,0,0,0,0,0
22:26:00,05:57:08,68.0,7.516666666666667,0.0,9426,0,0,0,0,0
22:34:51,06:01:17,80.0,7.433333333333334,0.0,7565,0,0,0,0,0
22:56:54,06:30:05,80.0,7.55,0.0,5735,0,0,0,0,0
23:14:12,08:19:42,100.0,9.083333333333334,0.0,5116,0,0,0,0,0
22:10:04,06:05:57,63.0,7.916666666666667,0.0,27,0,0,0,0,0
22:36:02,05:58:49,73.0,7.366666666666666,0.0,0,0,0,0,0,0
22:54:56,06:09:22,80.0,7.233333333333333,0.0,6417,0,0,0,0,0
22:33:33,06:26:26,83.0,7.866666666666667,0.0,0,0,0,0,0,0
20:54:34,05:55:40,77.0,9.016666666666667,0.0,0,0,0,0,0,0
23:10:31,06:15:51,63.0,7.083333333333333,0.0,3400,0,0,0,0,0
21:20:58,05:50:36,70.0,8.483333333333333,0.0,6015,0,0,0,0,0
22:56:23,06:15:35,68.0,7.316666666666666,0.0,3179,0,0,0,0,0
21:56:53,05:50:15,63.0,7.883333333333333,0.0,6346,0,0,0,0,0
22:04:25,06:31:39,82.0,8.45,0.0,218,0,0,0,0,0
23:39:39,08:15:38,95.0,8.583333333333334,0.0,0,0,0,0,0,0
22:16:12,06:06:04,70.0,7.816666666666666,0.0,96,0,0,0,0,0
21:47:09,05:57:00,68.0,8.15,0.0,7339,0,0,0,0,0
22:09:55,05:55:21,72.0,7.75,0.0,6970,0,0,0,0,0
22:47:44,05:51:51,60.0,7.066666666666666,0.0,1566,0,0,0,0,0
21:35:13,06:08:30,80.0,8.55,0.0,5184,0,0,0,0,0
21:39:40,06:05:47,79.0,8.433333333333334,0.0,75,0,0,0,0,0
22:05:48,06:25:53,79.0,8.333333333333334,0.0,3088,0,0,0,0,0
21:30:02,05:52:44,59.0,8.366666666666667,0.0,4553,0,0,0,0,0
22:10:42,06:55:22,75.0,8.733333333333333,0.0,1306,0,0,0,0,0
21:19:56,07:55:33,97.0,10.583333333333334,0.0,373,0,0,0,0,0
00:06:23,07:57:09,75.0,7.833333333333333,0.0,5168,0,0,0,0,0
22:00:17,08:08:59,75.0,10.133333333333333,0.0,61,0,0,0,0,0
21:30:48,05:56:47,81.0,8.416666666666666,0.0,2544,0,0,0,0,0
22:31:35,05:48:52,76.0,7.283333333333333,0.0,475,0,0,0,0,0
20:28:55,03:40:00,0.0,0.0,0.0,47,0,0,0,0,0
22:19:49,07:25:32,91.0,9.083333333333334,0.0,5064,0,0,0,0,0
23:13:54,08:00:24,86.0,8.766666666666667,0.0,2101,0,0,0,0,0
22:09:01,06:10:31,83.0,8.016666666666667,0.0,1334,0,0,0,0,0
22:53:56,05:45:45,77.0,6.85,0.0,2262,0,0,0,0,0
22:22:48,06:23:50,90.0,8.016666666666667,0.0,4529,0,0,0,0,0
21:31:25,05:10:18,71.0,7.633333333333333,0.0,6224,0,0,0,0,0
21:54:18,05:01:11,70.0,7.1,0.0,47,0,0,0,0,0
21:50:07,07:38:38,70.0,9.8,0.0,6296,0,0,0,0,0
22:07:20,07:09:23,64.0,9.033333333333333,0.0,2405,0,0,0,0,0
22:02:09,05:50:20,73.0,7.8,0.0,9237,0,0,0,0,0
22:45:03,06:00:21,79.0,7.25,0.0,2818,0,0,0,0,0
22:09:46,06:01:27,71.0,7.85,0.0,5752,0,0,0,0,0
22:45:11,06:12:22,84.0,7.45,0.0,6631,0,0,0,0,0
22:46:26,06:48:42,59.0,8.033333333333333,0.0,9516,0,0,0,0,0
22:21:24,08:22:57,71.0,10.016666666666667,0.0,4454,0,0,0,0,0
23:44:10,07:01:39,67.0,7.283333333333333,0.0,7253,0,0,0,0,0
22:04:55,06:01:48,84.0,7.933333333333334,0.0,22,0,0,0,0,0
23:15:57,06:00:31,66.0,6.733333333333333,0.0,2334,0,0,0,0,0
21:41:50,06:00:37,73.0,8.3,0.0,2867,0,0,0,0,0
20:58:39,06:02:13,84.0,9.05,0.0,4881,0,0,0,0,0
23:17:03,06:00:13,72.0,6.716666666666667,0.0,2149,0,0,0,0,0
22:13:41,07:20:56,92.0,9.116666666666667,0.0,1720,0,0,0,0,0
01:21:47,08:49:01,81.0,7.45,0.0,6518,0,0,0,0,0
21:30:54,05:00:20,69.0,7.483333333333333,0.0,29,0,0,0,0,0
21:37:33,06:01:01,79.0,8.383333333333333,0.0,107,0,0,0,0,0
22:18:44,06:03:00,77.0,7.733333333333333,0.0,5277,0,0,0,0,0
22:29:56,06:02:18,72.0,7.533333333333333,0.0,1325,0,0,0,0,0
21:25:06,06:45:43,80.0,9.333333333333334,0.0,3319,0,0,0,0,0
02:20:39,07:44:10,65.0,5.383333333333334,0.0,4810,0,0,0,0,0
08:32:14,09:08:44,8.0,0.6,0.0,166,0,0,0,0,0
22:29:00,07:37:14,96.0,9.133333333333333,0.0,362,0,0,0,0,0
23:09:25,06:01:30,72.0,6.866666666666667,0.0,2528,0,0,0,0,0
22:02:05,06:00:17,78.0,7.966666666666667,0.0,7982,0,0,0,0,0
21:44:05,06:12:59,82.0,8.466666666666667,0.0,5039,0,0,0,0,0
23:18:52,06:48:07,73.0,7.483333333333333,0.0,2435,0,0,0,0,0
22:41:38,06:00:24,93.0,7.3,0.0,68,0,0,0,0,0
23:07:55,07:26:34,76.0,8.3,0.0,5598,0,0,0,0,0
22:44:25,07:08:28,91.0,8.4,0.0,1901,0,0,0,0,0
21:54:14,07:02:15,91.0,9.133333333333333,0.0,56,0,0,0,0,0
23:49:19,07:00:53,81.0,7.183333333333334,0.0,64,0,0,0,0,0
21:24:05,06:20:52,71.0,8.933333333333334,0.0,3316,0,0,0,0,0
21:36:32,06:50:31,80.0,9.216666666666667,0.0,6555,0,0,0,0,0
22:52:29,07:48:04,91.0,8.916666666666666,0.0,2291,0,0,0,0,0
